INSERT INTO shops (shop_id, shop_name)
VALUES
(1, 'DNS'),
(2, 'Mvideo'),
(3, 'Citilink');

INSERT INTO products (product_id, product_name, price)
VALUES
(1, 'BrokenPhone', 1672.55),
(2, 'WordOfMouth', 999.99), 
(3, 'Gramophone', 7840.59); 


INSERT INTO plan (product_id, shop_id, plan_cnt, plan_date)
VALUES
(1, 1, 10, '2023-06-30'),
(2, 1, 19, '2023-06-30'),
(3, 1, 20, '2023-06-30'),
(1, 2, 10, '2023-06-30'),
(2, 2, 17, '2023-06-30'),
(3, 2, 12, '2023-06-30'),
(1, 3, 18, '2023-06-30'),
(2, 3, 16, '2023-06-30'),
(3, 3, 15, '2023-06-30')
;


INSERT INTO shop_dns (sale_date, shop_id, product_id, sales_cnt)
VALUES
('2023-06-01', 1, 1, 9),
('2023-06-02', 1, 1, 14),
('2023-06-03', 1, 1, 12),
('2023-06-04', 1, 1, 11),
('2023-06-05', 1, 1, 19),
('2023-06-06', 1, 1, 22),
('2023-06-07', 1, 1, 20),
('2023-06-08', 1, 1, 22),
('2023-06-09', 1, 1, 17),
('2023-06-10', 1, 1, 3),
('2023-06-11', 1, 1, 2),
('2023-06-12', 1, 1, 10),
('2023-06-13', 1, 1, 15),
('2023-06-14', 1, 1, 4),
('2023-06-15', 1, 1, 11),
('2023-06-16', 1, 1, 6),
('2023-06-17', 1, 1, 5),
('2023-06-18', 1, 1, 3),
('2023-06-19', 1, 1, 4),
('2023-06-20', 1, 1, 19),
('2023-06-21', 1, 1, 23),
('2023-06-22', 1, 1, 10),
('2023-06-23', 1, 1, 25),
('2023-06-24', 1, 1, 7),
('2023-06-25', 1, 1, 2),
('2023-06-26', 1, 1, 2),
('2023-06-27', 1, 1, 15),
('2023-06-28', 1, 1, 11),
('2023-06-29', 1, 1, 18),
('2023-06-30', 1, 1, 12),
('2023-06-01', 1, 2, 1),
('2023-06-02', 1, 2, 13),
('2023-06-03', 1, 2, 17),
('2023-06-04', 1, 2, 15),
('2023-06-05', 1, 2, 11),
('2023-06-06', 1, 2, 13),
('2023-06-07', 1, 2, 1),
('2023-06-08', 1, 2, 16),
('2023-06-09', 1, 2, 20),
('2023-06-10', 1, 2, 12),
('2023-06-11', 1, 2, 2),
('2023-06-12', 1, 2, 13),
('2023-06-13', 1, 2, 4),
('2023-06-14', 1, 2, 19),
('2023-06-15', 1, 2, 4),
('2023-06-16', 1, 2, 19),
('2023-06-17', 1, 2, 19),
('2023-06-18', 1, 2, 5),
('2023-06-19', 1, 2, 1),
('2023-06-20', 1, 2, 3),
('2023-06-21', 1, 2, 21),
('2023-06-22', 1, 2, 9),
('2023-06-23', 1, 2, 18),
('2023-06-24', 1, 2, 21),
('2023-06-25', 1, 2, 5),
('2023-06-26', 1, 2, 5),
('2023-06-27', 1, 2, 2),
('2023-06-28', 1, 2, 20),
('2023-06-29', 1, 2, 3),
('2023-06-30', 1, 2, 15),
('2023-06-01', 1, 3, 13),
('2023-06-02', 1, 3, 22),
('2023-06-03', 1, 3, 19),
('2023-06-04', 1, 3, 18),
('2023-06-05', 1, 3, 22),
('2023-06-06', 1, 3, 8),
('2023-06-07', 1, 3, 17),
('2023-06-08', 1, 3, 15),
('2023-06-09', 1, 3, 7),
('2023-06-10', 1, 3, 1),
('2023-06-11', 1, 3, 1),
('2023-06-12', 1, 3, 18),
('2023-06-13', 1, 3, 13),
('2023-06-14', 1, 3, 16),
('2023-06-15', 1, 3, 9),
('2023-06-16', 1, 3, 8),
('2023-06-17', 1, 3, 13),
('2023-06-18', 1, 3, 20),
('2023-06-19', 1, 3, 7),
('2023-06-20', 1, 3, 21),
('2023-06-21', 1, 3, 19),
('2023-06-22', 1, 3, 7),
('2023-06-23', 1, 3, 8),
('2023-06-24', 1, 3, 22),
('2023-06-25', 1, 3, 20),
('2023-06-26', 1, 3, 5),
('2023-06-27', 1, 3, 6),
('2023-06-28', 1, 3, 16),
('2023-06-29', 1, 3, 4),
('2023-06-30', 1, 3, 2),
('2023-05-01', 1, 1, 13),
('2023-05-02', 1, 1, 11),
('2023-05-03', 1, 1, 7),
('2023-05-04', 1, 1, 17),
('2023-05-05', 1, 1, 12),
('2023-05-06', 1, 1, 5),
('2023-05-07', 1, 1, 16),
('2023-05-08', 1, 1, 16),
('2023-05-09', 1, 1, 2),
('2023-05-10', 1, 1, 5),
('2023-05-11', 1, 1, 0),
('2023-05-12', 1, 1, 19),
('2023-05-13', 1, 1, 1),
('2023-05-14', 1, 1, 15),
('2023-05-15', 1, 1, 11),
('2023-05-16', 1, 1, 20),
('2023-05-17', 1, 1, 8),
('2023-05-18', 1, 1, 5),
('2023-05-19', 1, 1, 17),
('2023-05-20', 1, 1, 14),
('2023-05-21', 1, 1, 16),
('2023-05-22', 1, 1, 5),
('2023-05-23', 1, 1, 12),
('2023-05-24', 1, 1, 14),
('2023-05-25', 1, 1, 5),
('2023-05-26', 1, 1, 20),
('2023-05-27', 1, 1, 6),
('2023-05-28', 1, 1, 20),
('2023-05-29', 1, 1, 15),
('2023-05-30', 1, 1, 11),
('2023-05-31', 1, 1, 18),
('2023-05-01', 1, 2, 18),
('2023-05-02', 1, 2, 9),
('2023-05-03', 1, 2, 5),
('2023-05-04', 1, 2, 18),
('2023-05-05', 1, 2, 10),
('2023-05-06', 1, 2, 18),
('2023-05-07', 1, 2, 0),
('2023-05-08', 1, 2, 2),
('2023-05-09', 1, 2, 8),
('2023-05-10', 1, 2, 0),
('2023-05-11', 1, 2, 6),
('2023-05-12', 1, 2, 8),
('2023-05-13', 1, 2, 4),
('2023-05-14', 1, 2, 16),
('2023-05-15', 1, 2, 20),
('2023-05-16', 1, 2, 5),
('2023-05-17', 1, 2, 12),
('2023-05-18', 1, 2, 6),
('2023-05-19', 1, 2, 0),
('2023-05-20', 1, 2, 15),
('2023-05-21', 1, 2, 7),
('2023-05-22', 1, 2, 12),
('2023-05-23', 1, 2, 20),
('2023-05-24', 1, 2, 10),
('2023-05-25', 1, 2, 16),
('2023-05-26', 1, 2, 14),
('2023-05-27', 1, 2, 6),
('2023-05-28', 1, 2, 14),
('2023-05-29', 1, 2, 3),
('2023-05-30', 1, 2, 19),
('2023-05-31', 1, 2, 16),
('2023-05-01', 1, 3, 17),
('2023-05-02', 1, 3, 9),
('2023-05-03', 1, 3, 2),
('2023-05-04', 1, 3, 5),
('2023-05-05', 1, 3, 20),
('2023-05-06', 1, 3, 1),
('2023-05-07', 1, 3, 3),
('2023-05-08', 1, 3, 10),
('2023-05-09', 1, 3, 15),
('2023-05-10', 1, 3, 4),
('2023-05-11', 1, 3, 14),
('2023-05-12', 1, 3, 20),
('2023-05-13', 1, 3, 0),
('2023-05-14', 1, 3, 10),
('2023-05-15', 1, 3, 10),
('2023-05-16', 1, 3, 10),
('2023-05-17', 1, 3, 4),
('2023-05-18', 1, 3, 14),
('2023-05-19', 1, 3, 7),
('2023-05-20', 1, 3, 13),
('2023-05-21', 1, 3, 18),
('2023-05-22', 1, 3, 19),
('2023-05-23', 1, 3, 7),
('2023-05-24', 1, 3, 19),
('2023-05-25', 1, 3, 16),
('2023-05-26', 1, 3, 5),
('2023-05-27', 1, 3, 16),
('2023-05-28', 1, 3, 13),
('2023-05-29', 1, 3, 10),
('2023-05-30', 1, 3, 3),
('2023-05-31', 1, 3, 19)
;


INSERT INTO shop_mvideo (sale_date, shop_id, product_id, sales_cnt)
VALUES
('2023-06-01', 2, 1, 6),
('2023-06-02', 2, 1, 9),
('2023-06-03', 2, 1, 3),
('2023-06-04', 2, 1, 12),
('2023-06-05', 2, 1, 22),
('2023-06-06', 2, 1, 15),
('2023-06-07', 2, 1, 10),
('2023-06-08', 2, 1, 9),
('2023-06-09', 2, 1, 1),
('2023-06-10', 2, 1, 14),
('2023-06-11', 2, 1, 5),
('2023-06-12', 2, 1, 22),
('2023-06-13', 2, 1, 12),
('2023-06-14', 2, 1, 18),
('2023-06-15', 2, 1, 10),
('2023-06-16', 2, 1, 6),
('2023-06-17', 2, 1, 24),
('2023-06-18', 2, 1, 16),
('2023-06-19', 2, 1, 14),
('2023-06-20', 2, 1, 4),
('2023-06-21', 2, 1, 19),
('2023-06-22', 2, 1, 7),
('2023-06-23', 2, 1, 16),
('2023-06-24', 2, 1, 12),
('2023-06-25', 2, 1, 20),
('2023-06-26', 2, 1, 15),
('2023-06-27', 2, 1, 13),
('2023-06-28', 2, 1, 17),
('2023-06-29', 2, 1, 20),
('2023-06-30', 2, 1, 7),
('2023-06-01', 2, 2, 21),
('2023-06-02', 2, 2, 22),
('2023-06-03', 2, 2, 23),
('2023-06-04', 2, 2, 14),
('2023-06-05', 2, 2, 9),
('2023-06-06', 2, 2, 13),
('2023-06-07', 2, 2, 21),
('2023-06-08', 2, 2, 19),
('2023-06-09', 2, 2, 22),
('2023-06-10', 2, 2, 1),
('2023-06-11', 2, 2, 5),
('2023-06-12', 2, 2, 16),
('2023-06-13', 2, 2, 11),
('2023-06-14', 2, 2, 14),
('2023-06-15', 2, 2, 8),
('2023-06-16', 2, 2, 3),
('2023-06-17', 2, 2, 9),
('2023-06-18', 2, 2, 22),
('2023-06-19', 2, 2, 23),
('2023-06-20', 2, 2, 12),
('2023-06-21', 2, 2, 12),
('2023-06-22', 2, 2, 8),
('2023-06-23', 2, 2, 4),
('2023-06-24', 2, 2, 19),
('2023-06-25', 2, 2, 8),
('2023-06-26', 2, 2, 2),
('2023-06-27', 2, 2, 24),
('2023-06-28', 2, 2, 9),
('2023-06-29', 2, 2, 20),
('2023-06-30', 2, 2, 15),
('2023-06-01', 2, 3, 13),
('2023-06-02', 2, 3, 12),
('2023-06-03', 2, 3, 15),
('2023-06-04', 2, 3, 1),
('2023-06-05', 2, 3, 21),
('2023-06-06', 2, 3, 1),
('2023-06-07', 2, 3, 7),
('2023-06-08', 2, 3, 4),
('2023-06-09', 2, 3, 2),
('2023-06-10', 2, 3, 20),
('2023-06-11', 2, 3, 25),
('2023-06-12', 2, 3, 19),
('2023-06-13', 2, 3, 13),
('2023-06-14', 2, 3, 7),
('2023-06-15', 2, 3, 12),
('2023-06-16', 2, 3, 3),
('2023-06-17', 2, 3, 1),
('2023-06-18', 2, 3, 13),
('2023-06-19', 2, 3, 6),
('2023-06-20', 2, 3, 1),
('2023-06-21', 2, 3, 17),
('2023-06-22', 2, 3, 17),
('2023-06-23', 2, 3, 19),
('2023-06-24', 2, 3, 16),
('2023-06-25', 2, 3, 24),
('2023-06-26', 2, 3, 25),
('2023-06-27', 2, 3, 14),
('2023-06-28', 2, 3, 9),
('2023-06-29', 2, 3, 22),
('2023-06-30', 2, 3, 19),
('2023-05-01', 2, 1, 4),
('2023-05-02', 2, 1, 18),
('2023-05-03', 2, 1, 7),
('2023-05-04', 2, 1, 0),
('2023-05-05', 2, 1, 20),
('2023-05-06', 2, 1, 6),
('2023-05-07', 2, 1, 14),
('2023-05-08', 2, 1, 4),
('2023-05-09', 2, 1, 18),
('2023-05-10', 2, 1, 4),
('2023-05-11', 2, 1, 8),
('2023-05-12', 2, 1, 12),
('2023-05-13', 2, 1, 0),
('2023-05-14', 2, 1, 20),
('2023-05-15', 2, 1, 10),
('2023-05-16', 2, 1, 20),
('2023-05-17', 2, 1, 4),
('2023-05-18', 2, 1, 5),
('2023-05-19', 2, 1, 20),
('2023-05-20', 2, 1, 9),
('2023-05-21', 2, 1, 2),
('2023-05-22', 2, 1, 19),
('2023-05-23', 2, 1, 6),
('2023-05-24', 2, 1, 18),
('2023-05-25', 2, 1, 20),
('2023-05-26', 2, 1, 3),
('2023-05-27', 2, 1, 11),
('2023-05-28', 2, 1, 1),
('2023-05-29', 2, 1, 11),
('2023-05-30', 2, 1, 12),
('2023-05-31', 2, 1, 6),
('2023-05-01', 2, 2, 18),
('2023-05-02', 2, 2, 10),
('2023-05-03', 2, 2, 18),
('2023-05-04', 2, 2, 10),
('2023-05-05', 2, 2, 12),
('2023-05-06', 2, 2, 4),
('2023-05-07', 2, 2, 7),
('2023-05-08', 2, 2, 11),
('2023-05-09', 2, 2, 16),
('2023-05-10', 2, 2, 4),
('2023-05-11', 2, 2, 13),
('2023-05-12', 2, 2, 9),
('2023-05-13', 2, 2, 3),
('2023-05-14', 2, 2, 13),
('2023-05-15', 2, 2, 6),
('2023-05-16', 2, 2, 5),
('2023-05-17', 2, 2, 8),
('2023-05-18', 2, 2, 20),
('2023-05-19', 2, 2, 2),
('2023-05-20', 2, 2, 6),
('2023-05-21', 2, 2, 3),
('2023-05-22', 2, 2, 10),
('2023-05-23', 2, 2, 19),
('2023-05-24', 2, 2, 11),
('2023-05-25', 2, 2, 4),
('2023-05-26', 2, 2, 11),
('2023-05-27', 2, 2, 0),
('2023-05-28', 2, 2, 19),
('2023-05-29', 2, 2, 0),
('2023-05-30', 2, 2, 3),
('2023-05-31', 2, 2, 14),
('2023-05-01', 2, 3, 6),
('2023-05-02', 2, 3, 18),
('2023-05-03', 2, 3, 6),
('2023-05-04', 2, 3, 10),
('2023-05-05', 2, 3, 20),
('2023-05-06', 2, 3, 14),
('2023-05-07', 2, 3, 6),
('2023-05-08', 2, 3, 13),
('2023-05-09', 2, 3, 9),
('2023-05-10', 2, 3, 2),
('2023-05-11', 2, 3, 17),
('2023-05-12', 2, 3, 10),
('2023-05-13', 2, 3, 14),
('2023-05-14', 2, 3, 18),
('2023-05-15', 2, 3, 8),
('2023-05-16', 2, 3, 13),
('2023-05-17', 2, 3, 16),
('2023-05-18', 2, 3, 4),
('2023-05-19', 2, 3, 6),
('2023-05-20', 2, 3, 2),
('2023-05-21', 2, 3, 15),
('2023-05-22', 2, 3, 11),
('2023-05-23', 2, 3, 9),
('2023-05-24', 2, 3, 13),
('2023-05-25', 2, 3, 15),
('2023-05-26', 2, 3, 12),
('2023-05-27', 2, 3, 5),
('2023-05-28', 2, 3, 17),
('2023-05-29', 2, 3, 14),
('2023-05-30', 2, 3, 0),
('2023-05-31', 2, 3, 18)
;


INSERT INTO shop_citilink (sale_date, shop_id, product_id, sales_cnt)
VALUES
('2023-06-01', 3, 1, 15),
('2023-06-02', 3, 1, 3),
('2023-06-03', 3, 1, 14),
('2023-06-04', 3, 1, 4),
('2023-06-05', 3, 1, 2),
('2023-06-06', 3, 1, 4),
('2023-06-07', 3, 1, 10),
('2023-06-08', 3, 1, 2),
('2023-06-09', 3, 1, 15),
('2023-06-10', 3, 1, 1),
('2023-06-11', 3, 1, 19),
('2023-06-12', 3, 1, 22),
('2023-06-13', 3, 1, 13),
('2023-06-14', 3, 1, 4),
('2023-06-15', 3, 1, 24),
('2023-06-16', 3, 1, 12),
('2023-06-17', 3, 1, 9),
('2023-06-18', 3, 1, 1),
('2023-06-19', 3, 1, 19),
('2023-06-20', 3, 1, 5),
('2023-06-21', 3, 1, 21),
('2023-06-22', 3, 1, 4),
('2023-06-23', 3, 1, 7),
('2023-06-24', 3, 1, 9),
('2023-06-25', 3, 1, 12),
('2023-06-26', 3, 1, 16),
('2023-06-27', 3, 1, 17),
('2023-06-28', 3, 1, 20),
('2023-06-29', 3, 1, 6),
('2023-06-30', 3, 1, 5),
('2023-06-01', 3, 2, 13),
('2023-06-02', 3, 2, 12),
('2023-06-03', 3, 2, 7),
('2023-06-04', 3, 2, 18),
('2023-06-05', 3, 2, 14),
('2023-06-06', 3, 2, 8),
('2023-06-07', 3, 2, 2),
('2023-06-08', 3, 2, 21),
('2023-06-09', 3, 2, 1),
('2023-06-10', 3, 2, 2),
('2023-06-11', 3, 2, 4),
('2023-06-12', 3, 2, 17),
('2023-06-13', 3, 2, 5),
('2023-06-14', 3, 2, 3),
('2023-06-15', 3, 2, 17),
('2023-06-16', 3, 2, 12),
('2023-06-17', 3, 2, 7),
('2023-06-18', 3, 2, 20),
('2023-06-19', 3, 2, 25),
('2023-06-20', 3, 2, 12),
('2023-06-21', 3, 2, 13),
('2023-06-22', 3, 2, 13),
('2023-06-23', 3, 2, 11),
('2023-06-24', 3, 2, 7),
('2023-06-25', 3, 2, 4),
('2023-06-26', 3, 2, 1),
('2023-06-27', 3, 2, 11),
('2023-06-28', 3, 2, 5),
('2023-06-29', 3, 2, 17),
('2023-06-30', 3, 2, 11),
('2023-06-01', 3, 3, 16),
('2023-06-02', 3, 3, 9),
('2023-06-03', 3, 3, 24),
('2023-06-04', 3, 3, 11),
('2023-06-05', 3, 3, 19),
('2023-06-06', 3, 3, 18),
('2023-06-07', 3, 3, 18),
('2023-06-08', 3, 3, 3),
('2023-06-09', 3, 3, 8),
('2023-06-10', 3, 3, 19),
('2023-06-11', 3, 3, 25),
('2023-06-12', 3, 3, 25),
('2023-06-13', 3, 3, 4),
('2023-06-14', 3, 3, 11),
('2023-06-15', 3, 3, 9),
('2023-06-16', 3, 3, 1),
('2023-06-17', 3, 3, 11),
('2023-06-18', 3, 3, 13),
('2023-06-19', 3, 3, 21),
('2023-06-20', 3, 3, 14),
('2023-06-21', 3, 3, 17),
('2023-06-22', 3, 3, 4),
('2023-06-23', 3, 3, 3),
('2023-06-24', 3, 3, 18),
('2023-06-25', 3, 3, 22),
('2023-06-26', 3, 3, 8),
('2023-06-27', 3, 3, 8),
('2023-06-28', 3, 3, 25),
('2023-06-29', 3, 3, 19),
('2023-06-30', 3, 3, 16),
('2023-05-01', 3, 1, 16),
('2023-05-02', 3, 1, 13),
('2023-05-03', 3, 1, 2),
('2023-05-04', 3, 1, 0),
('2023-05-05', 3, 1, 6),
('2023-05-06', 3, 1, 6),
('2023-05-07', 3, 1, 20),
('2023-05-08', 3, 1, 4),
('2023-05-09', 3, 1, 8),
('2023-05-10', 3, 1, 15),
('2023-05-11', 3, 1, 9),
('2023-05-12', 3, 1, 17),
('2023-05-13', 3, 1, 11),
('2023-05-14', 3, 1, 16),
('2023-05-15', 3, 1, 1),
('2023-05-16', 3, 1, 4),
('2023-05-17', 3, 1, 9),
('2023-05-18', 3, 1, 18),
('2023-05-19', 3, 1, 11),
('2023-05-20', 3, 1, 14),
('2023-05-21', 3, 1, 16),
('2023-05-22', 3, 1, 4),
('2023-05-23', 3, 1, 4),
('2023-05-24', 3, 1, 19),
('2023-05-25', 3, 1, 9),
('2023-05-26', 3, 1, 15),
('2023-05-27', 3, 1, 5),
('2023-05-28', 3, 1, 11),
('2023-05-29', 3, 1, 11),
('2023-05-30', 3, 1, 8),
('2023-05-31', 3, 1, 13),
('2023-05-01', 3, 2, 15),
('2023-05-02', 3, 2, 2),
('2023-05-03', 3, 2, 0),
('2023-05-04', 3, 2, 0),
('2023-05-05', 3, 2, 17),
('2023-05-06', 3, 2, 10),
('2023-05-07', 3, 2, 17),
('2023-05-08', 3, 2, 5),
('2023-05-09', 3, 2, 2),
('2023-05-10', 3, 2, 4),
('2023-05-11', 3, 2, 18),
('2023-05-12', 3, 2, 13),
('2023-05-13', 3, 2, 16),
('2023-05-14', 3, 2, 2),
('2023-05-15', 3, 2, 0),
('2023-05-16', 3, 2, 0),
('2023-05-17', 3, 2, 12),
('2023-05-18', 3, 2, 5),
('2023-05-19', 3, 2, 10),
('2023-05-20', 3, 2, 7),
('2023-05-21', 3, 2, 11),
('2023-05-22', 3, 2, 14),
('2023-05-23', 3, 2, 10),
('2023-05-24', 3, 2, 4),
('2023-05-25', 3, 2, 4),
('2023-05-26', 3, 2, 5),
('2023-05-27', 3, 2, 17),
('2023-05-28', 3, 2, 20),
('2023-05-29', 3, 2, 12),
('2023-05-30', 3, 2, 13),
('2023-05-31', 3, 2, 11),
('2023-05-01', 3, 3, 8),
('2023-05-02', 3, 3, 17),
('2023-05-03', 3, 3, 16),
('2023-05-04', 3, 3, 8),
('2023-05-05', 3, 3, 15),
('2023-05-06', 3, 3, 8),
('2023-05-07', 3, 3, 0),
('2023-05-08', 3, 3, 20),
('2023-05-09', 3, 3, 9),
('2023-05-10', 3, 3, 5),
('2023-05-11', 3, 3, 14),
('2023-05-12', 3, 3, 11),
('2023-05-13', 3, 3, 1),
('2023-05-14', 3, 3, 15),
('2023-05-15', 3, 3, 12),
('2023-05-16', 3, 3, 18),
('2023-05-17', 3, 3, 7),
('2023-05-18', 3, 3, 2),
('2023-05-19', 3, 3, 10),
('2023-05-20', 3, 3, 6),
('2023-05-21', 3, 3, 15),
('2023-05-22', 3, 3, 20),
('2023-05-23', 3, 3, 4),
('2023-05-24', 3, 3, 5),
('2023-05-25', 3, 3, 18),
('2023-05-26', 3, 3, 1),
('2023-05-27', 3, 3, 9),
('2023-05-28', 3, 3, 10),
('2023-05-29', 3, 3, 9),
('2023-05-30', 3, 3, 19),
('2023-05-31', 3, 3, 17)
;

